購入ID,席名,購入者,チケット名,購入金額,購入日時,ファンクラブNo
294,F60,"須田 友里",1部〈13:30開場/14:00開演〉,12100,"2023-05-01 14:34:20",007944
92,A20,"内田 恵美子",1部〈13:30開場/14:00開演〉,12100,"2023-05-01 12:50:00",003323
390,F27,"二階堂 聖子",1部〈13:30開場/14:00開演〉,12100,"2023-05-03 08:25:30",002392
138,E46,"原 ゆかり",2部〈17:30開場/18:00開演〉,12100,"2023-05-01 12:53:16",003124
383,E24,"田中 美紗子",1部〈13:30開場/14:00開演〉,12100,"2023-05-02 20:22:35",005439
315,G20,"多気 絵実里",1部〈13:30開場/14:00開演〉,12100,"2023-05-01 15:49:02",004473
252,F21,"岡本 久美",1部〈13:30開場/14:00開演〉,12100,"2023-05-01 13:13:55",000639
316,E20,"五坪 幸枝",1部〈13:30開場/14:00開演〉,12100,"2023-05-01 16:05:09",001496
253,F22,"岡本 久美",1部〈13:30開場/14:00開演〉,12100,"2023-05-01 13:14:37",000639
308,G22,"岡本 久美",1部〈13:30開場/14:00開演〉,12100,"2023-05-01 15:18:52",000639
246,C46,"鶴岡 美喜代",1部〈13:30開場/14:00開演〉,12100,"2023-05-01 13:12:14",002862
248,C47,"鶴岡 美喜代",1部〈13:30開場/14:00開演〉,12100,"2023-05-01 13:13:02",002862
286,F44,"徳森 麻美",1部〈13:30開場/14:00開演〉,12100,"2023-05-01 14:07:05",008111
287,F43,"徳森 麻美",1部〈13:30開場/14:00開演〉,12100,"2023-05-01 14:08:37",008111
156,A63,"川中 由美子",1部〈13:30開場/14:00開演〉,12100,"2023-05-01 12:55:25",000766
174,A65,"川中 由美子",1部〈13:30開場/14:00開演〉,12100,"2023-05-01 12:57:03",000766
115,B24,"浜野 佐和子",1部〈13:30開場/14:00開演〉,12100,"2023-05-01 12:51:49",005186
197,A64,"川中 由美子",1部〈13:30開場/14:00開演〉,12100,"2023-05-01 12:59:18",000766
141,B25,"浜野 佐和子",1部〈13:30開場/14:00開演〉,12100,"2023-05-01 12:53:29",005186
204,D23,"秋田 夏実",1部〈13:30開場/14:00開演〉,12100,"2023-05-01 12:59:53",002025
80,SD26,"高柳 真理",1部〈13:30開場/14:00開演〉,12100,"2023-05-01 12:49:15",000502
233,SC61,"立川 加奈",1部〈13:30開場/14:00開演〉,12100,"2023-05-01 13:07:53",004177
234,SC60,"立川 加奈",1部〈13:30開場/14:00開演〉,12100,"2023-05-01 13:08:39",004177
259,E42,"家本 美洋",1部〈13:30開場/14:00開演〉,12100,"2023-05-01 13:16:58",000814
402,C66,"春木 由希子",1部〈13:30開場/14:00開演〉,12100,"2023-05-04 00:39:59",001366
349,D12,"三ツ井 敏江",1部〈13:30開場/14:00開演〉,12100,"2023-05-01 20:10:58",002271
391,B8,"三輪 支帆子",1部〈13:30開場/14:00開演〉,12100,"2023-05-03 11:21:27",000361
256,G49,"後藤 真由美",1部〈13:30開場/14:00開演〉,12100,"2023-05-01 13:16:26",001484
392,B7,"三輪 支帆子",1部〈13:30開場/14:00開演〉,12100,"2023-05-03 11:22:41",000361
130,B60,"杉田 知奈美",1部〈13:30開場/14:00開演〉,12100,"2023-05-01 12:52:46",001070
260,G48,"後藤 真由美",1部〈13:30開場/14:00開演〉,12100,"2023-05-01 13:17:13",001484
270,D64,"金子 綾香",1部〈13:30開場/14:00開演〉,12100,"2023-05-01 13:31:08",000115
266,C27,"山元 里絵",1部〈13:30開場/14:00開演〉,12100,"2023-05-01 13:28:34",002312
189,C10,"丸茂 美智子",2部〈17:30開場/18:00開演〉,12100,"2023-05-01 12:58:40",007204
99,D27,"米本 絢子",1部〈13:30開場/14:00開演〉,12100,"2023-05-01 12:50:29",004062
198,C11,"丸茂 美智子",2部〈17:30開場/18:00開演〉,12100,"2023-05-01 12:59:20",007204
267,C26,"山元 里絵",1部〈13:30開場/14:00開演〉,12100,"2023-05-01 13:29:26",002312
306,E1,"皆越 真喜子",1部〈13:30開場/14:00開演〉,12100,"2023-05-01 15:11:15",001284
336,F47,"小林 範子",1部〈13:30開場/14:00開演〉,12100,"2023-05-01 18:59:57",007942
157,B62,"坂岩 真弓",1部〈13:30開場/14:00開演〉,12100,"2023-05-01 12:55:28",001737
190,F5,"稲吉 みゆき",1部〈13:30開場/14:00開演〉,12100,"2023-05-01 12:58:45",001216
335,F48,"小林 範子",1部〈13:30開場/14:00開演〉,12100,"2023-05-01 18:49:18",007942
166,B63,"坂岩 真弓",1部〈13:30開場/14:00開演〉,12100,"2023-05-01 12:56:08",001737
282,E68,"岩出 美絵",1部〈13:30開場/14:00開演〉,12100,"2023-05-01 13:53:48",00256
100,SD25,"Oh Jaryeon",1部〈13:30開場/14:00開演〉,12100,"2023-05-01 12:50:34",008127
238,A44,"河西 美和",1部〈13:30開場/14:00開演〉,12100,"2023-05-01 13:10:07",001970
372,B65,"福岡 高枝",1部〈13:30開場/14:00開演〉,12100,"2023-05-02 14:16:10",002568
373,B66,"福岡 高枝",1部〈13:30開場/14:00開演〉,12100,"2023-05-02 14:17:34",002568
158,C10,"松田 奈津希",1部〈13:30開場/14:00開演〉,12100,"2023-05-01 12:55:30",005772
155,F41,"小島 克予",1部〈13:30開場/14:00開演〉,12100,"2023-05-01 12:55:20",
172,C11,"松田 奈津希",1部〈13:30開場/14:00開演〉,12100,"2023-05-01 12:56:37",005772
89,SE22,"市村 春江",1部〈13:30開場/14:00開演〉,12100,"2023-05-01 12:49:46",003668
168,F7,"小松 貴子",1部〈13:30開場/14:00開演〉,12100,"2023-05-01 12:56:22",001639
125,SE23,"市村 春江",1部〈13:30開場/14:00開演〉,12100,"2023-05-01 12:52:26",003668
321,SD40,"荒川 清美",1部〈13:30開場/14:00開演〉,12100,"2023-05-01 16:36:49",003842
169,D6,"長島 由佳",1部〈13:30開場/14:00開演〉,12100,"2023-05-01 12:56:27",000824
127,A9,"横倉 弥生",1部〈13:30開場/14:00開演〉,12100,"2023-05-01 12:52:32",005250
86,SD24,"Oh Jaryeon",1部〈13:30開場/14:00開演〉,12100,"2023-05-01 12:49:36",008127
218,C44,"穴澤 美佳",1部〈13:30開場/14:00開演〉,12100,"2023-05-01 13:02:06",005701
229,C43,"穴澤 美佳",1部〈13:30開場/14:00開演〉,12100,"2023-05-01 13:04:55",005701
251,D60,"滝澤 比呂恵",1部〈13:30開場/14:00開演〉,12100,"2023-05-01 13:13:53",003425
230,C42,"穴澤 美佳",1部〈13:30開場/14:00開演〉,12100,"2023-05-01 13:06:25",005701
319,D21,"家田 美帆",1部〈13:30開場/14:00開演〉,12100,"2023-05-01 16:21:41",000959
300,SD44,"福島 久美子",1部〈13:30開場/14:00開演〉,12100,"2023-05-01 14:46:27",000666
346,E9,"浅野 絵里香",1部〈13:30開場/14:00開演〉,12100,"2023-05-01 19:50:11",002464
302,SD43,"福島 久美子",1部〈13:30開場/14:00開演〉,12100,"2023-05-01 14:47:31",000666
303,SD42,"福島 久美子",1部〈13:30開場/14:00開演〉,12100,"2023-05-01 14:48:28",000666
376,E62,"倉田 志穂",1部〈13:30開場/14:00開演〉,12100,"2023-05-02 16:21:52",004526
239,C64,"橋本 真奈美",1部〈13:30開場/14:00開演〉,12100,"2023-05-01 13:10:30",1009
122,A43,"廣瀬 晶子",1部〈13:30開場/14:00開演〉,12100,"2023-05-01 12:52:19",004325
378,SD63,"青柳 千尋",1部〈13:30開場/14:00開演〉,12100,"2023-05-02 18:52:24",007933
379,SD64,"青柳 千尋",1部〈13:30開場/14:00開演〉,12100,"2023-05-02 18:53:16",007933
289,SD20,"エグチ ヨシコ",1部〈13:30開場/14:00開演〉,12100,"2023-05-01 14:14:49",003141
162,D47,"小林 尚子",1部〈13:30開場/14:00開演〉,12100,"2023-05-01 12:55:57",001564
178,D48,"小林 尚子",1部〈13:30開場/14:00開演〉,12100,"2023-05-01 12:57:39",001564
362,E5,"岸野 玲奈",1部〈13:30開場/14:00開演〉,12100,"2023-05-02 01:44:07",000500
93,SE25,"吉川 由花",1部〈13:30開場/14:00開演〉,12100,"2023-05-01 12:50:06",000438
111,SE26,"吉川 由花",1部〈13:30開場/14:00開演〉,12100,"2023-05-01 12:51:20",000438
416,F45,"杉山 恵都子",1部〈13:30開場/14:00開演〉,12100,"2023-05-07 21:28:27",006316
254,G46,"鈴木 裕子",1部〈13:30開場/14:00開演〉,12100,"2023-05-01 13:15:16",008061
104,A40,"椎名 由衣",1部〈13:30開場/14:00開演〉,12100,"2023-05-01 12:50:55",021919
257,G45,"鈴木 裕子",1部〈13:30開場/14:00開演〉,12100,"2023-05-01 13:16:33",008061
219,D41,"秋山 妙子",1部〈13:30開場/14:00開演〉,12100,"2023-05-01 13:02:07",000277
374,E3,"山下 直美",1部〈13:30開場/14:00開演〉,12100,"2023-05-02 15:44:16",003980
353,D9,"山田 一恵",1部〈13:30開場/14:00開演〉,12100,"2023-05-01 22:11:41",007402
281,E67,"山ノ内 泉",1部〈13:30開場/14:00開演〉,12100,"2023-05-01 13:52:52",005868
84,SE20,"西巻 麻代",1部〈13:30開場/14:00開演〉,12100,"2023-05-01 12:49:23",001498
88,SE46,"若井 正美",1部〈13:30開場/14:00開演〉,12100,"2023-05-01 12:49:40",008012
242,E43,"家本 光咲",1部〈13:30開場/14:00開演〉,12100,"2023-05-01 13:11:20",001072
118,A7,"家本 美紀",1部〈13:30開場/14:00開演〉,12100,"2023-05-01 12:52:02",000571
418,SD45,"久保島 啓子",1部〈13:30開場/14:00開演〉,12100,"2023-05-07 22:58:33",003732
419,SD46,"久保島 啓子",1部〈13:30開場/14:00開演〉,12100,"2023-05-07 22:59:34",003732
388,B44,"岡田 美佐子",1部〈13:30開場/14:00開演〉,12100,"2023-05-03 01:25:06",004561
380,SD7,"直井 弘子",1部〈13:30開場/14:00開演〉,12100,"2023-05-02 19:07:23",003362
179,F62,"齊藤 芽衣",1部〈13:30開場/14:00開演〉,12100,"2023-05-01 12:57:40",008128
381,SD6,"直井 弘子",1部〈13:30開場/14:00開演〉,12100,"2023-05-02 19:09:58",003362
382,SD5,"直井 弘子",1部〈13:30開場/14:00開演〉,12100,"2023-05-02 19:13:39",003362
76,I40,"久保 テスト",1部〈13:30開場/14:00開演〉,12100,"2023-05-01 12:49:01",
183,F3,"十田 圭土",1部〈13:30開場/14:00開演〉,12100,"2023-05-01 12:57:54",007747
103,B47,"菅野 房代",1部〈13:30開場/14:00開演〉,12100,"2023-05-01 12:50:43",412
399,D68,"毛内 美佳",1部〈13:30開場/14:00開演〉,12100,"2023-05-03 20:42:17",
393,SD61,"平倉 せい子",1部〈13:30開場/14:00開演〉,12100,"2023-05-03 11:27:51",001605
332,B45,"舘 美香",1部〈13:30開場/14:00開演〉,12100,"2023-05-01 18:29:02",007389
359,E7,"嶋田 和子",1部〈13:30開場/14:00開演〉,12100,"2023-05-02 00:28:01",001405
202,D25,"関根 千廣",1部〈13:30開場/14:00開演〉,12100,"2023-05-01 12:59:47",008131
394,SD60,"平倉 せい子",1部〈13:30開場/14:00開演〉,12100,"2023-05-03 11:29:38",001605
145,E40,"芳賀 有希",1部〈13:30開場/14:00開演〉,12100,"2023-05-01 12:54:07",001160
126,C20,"若月 加代子",1部〈13:30開場/14:00開演〉,12100,"2023-05-01 12:52:26",001623
375,E64,"武藤 恵子",1部〈13:30開場/14:00開演〉,12100,"2023-05-02 15:57:02",005050
108,D8,"河邊 留美子",1部〈13:30開場/14:00開演〉,12100,"2023-05-01 12:51:11",007845
139,C21,"若月 加代子",1部〈13:30開場/14:00開演〉,12100,"2023-05-01 12:53:20",001623
182,E27,"伊藤 舞知子",1部〈13:30開場/14:00開演〉,12100,"2023-05-01 12:57:52",002108
184,F64,"萩原 綾乃",1部〈13:30開場/14:00開演〉,12100,"2023-05-01 12:57:55",002249
350,D11,"渡邊 里菜",1部〈13:30開場/14:00開演〉,12100,"2023-05-01 20:44:02",002850
201,E26,"伊藤 舞知子",1部〈13:30開場/14:00開演〉,12100,"2023-05-01 12:59:29",002108
228,G26,"大河原 かおり",1部〈13:30開場/14:00開演〉,12100,"2023-05-01 13:04:00",007940
193,B4,"早乙女 典子",1部〈13:30開場/14:00開演〉,12100,"2023-05-01 12:59:10",0000674
187,B5,"早乙女 典子",1部〈13:30開場/14:00開演〉,12100,"2023-05-01 12:58:22",0000674
387,A60,"小平 恵美子",2部〈17:30開場/18:00開演〉,12100,"2023-05-02 22:37:11",008129
101,B41,"小笠原 彩",1部〈13:30開場/14:00開演〉,12100,"2023-05-01 12:50:36",1300
164,F1,"難波 郁子",1部〈13:30開場/14:00開演〉,12100,"2023-05-01 12:55:58",001660
112,B42,"小笠原 彩",1部〈13:30開場/14:00開演〉,12100,"2023-05-01 12:51:27",1300
377,E60,"釜田 裕子",1部〈13:30開場/14:00開演〉,12100,"2023-05-02 16:26:50",001282
212,A26,"石井 登美子",1部〈13:30開場/14:00開演〉,12100,"2023-05-01 13:00:58",000222
216,A25,"石井 登美子",1部〈13:30開場/14:00開演〉,12100,"2023-05-01 13:01:41",000222
160,F8,"松浦 久美子",1部〈13:30開場/14:00開演〉,12100,"2023-05-01 12:55:35",006951
225,A24,"石井 登美子",1部〈13:30開場/14:00開演〉,12100,"2023-05-01 13:02:50",000222
192,D45,"千田 亜紀子",1部〈13:30開場/14:00開演〉,12100,"2023-05-01 12:59:09",001522
203,G41,"河合 幸子",1部〈13:30開場/14:00開演〉,12100,"2023-05-01 12:59:47",004364
395,E22,"鈴木 淳子",1部〈13:30開場/14:00開演〉,12100,"2023-05-03 15:48:51",005181
243,G40,"河合 幸子",1部〈13:30開場/14:00開演〉,12100,"2023-05-01 13:11:41",004364
217,C6,"山内 惠子",1部〈13:30開場/14:00開演〉,12100,"2023-05-01 13:01:48",001797
226,C5,"山内 惠子",1部〈13:30開場/14:00開演〉,12100,"2023-05-01 13:03:26",001797
113,B21,"柴田 さゆり",1部〈13:30開場/14:00開演〉,12100,"2023-05-01 12:51:33",005980
298,C62,"井口 聖子",1部〈13:30開場/14:00開演〉,12100,"2023-05-01 14:46:20",170
163,B22,"柴田 さゆり",1部〈13:30開場/14:00開演〉,12100,"2023-05-01 12:55:58",005980
301,C61,"井口 聖子",1部〈13:30開場/14:00開演〉,12100,"2023-05-01 14:46:55",170
245,G28,"中島 宏子",1部〈13:30開場/14:00開演〉,12100,"2023-05-01 13:11:58",002706
268,G29,"中島 宏子",1部〈13:30開場/14:00開演〉,12100,"2023-05-01 13:29:31",002706
265,F25,"鈴木 依里",1部〈13:30開場/14:00開演〉,12100,"2023-05-01 13:26:53",005945
167,F67,"入佐 真利子",1部〈13:30開場/14:00開演〉,12100,"2023-05-01 12:56:11",001235
269,F24,"鈴木 依里",1部〈13:30開場/14:00開演〉,12100,"2023-05-01 13:29:55",005945
149,F29,"藤田 尚子",1部〈13:30開場/14:00開演〉,12100,"2023-05-01 12:54:36",001635
368,A60,"鳥海 久枝",1部〈13:30開場/14:00開演〉,12100,"2023-05-02 13:03:36",001640
358,SE45,"前田 とし子",1部〈13:30開場/14:00開演〉,12100,"2023-05-02 00:10:01",1437
369,A61,"鳥海 久枝",1部〈13:30開場/14:00開演〉,12100,"2023-05-02 13:07:17",001640
77,SE41,"柿平 杏奈",1部〈13:30開場/14:00開演〉,12100,"2023-05-01 12:49:12",000295
96,SE43,"柿平 杏奈",1部〈13:30開場/14:00開演〉,12100,"2023-05-01 12:50:18",000295
144,C23,"石井 照子",1部〈13:30開場/14:00開演〉,12100,"2023-05-01 12:54:03",001423
153,C24,"石井 照子",1部〈13:30開場/14:00開演〉,12100,"2023-05-01 12:55:12",001423
105,SE42,"柿平 杏奈",1部〈13:30開場/14:00開演〉,12100,"2023-05-01 12:50:56",000295
420,G43,"帷子 きょうこ",1部〈13:30開場/14:00開演〉,12100,"2023-05-07 23:26:22",008112
170,E45,"池間 知子",1部〈13:30開場/14:00開演〉,12100,"2023-05-01 12:56:34",004757
274,E65,"片山 尚美",1部〈13:30開場/14:00開演〉,12100,"2023-05-01 13:36:25",003760
180,E46,"池間 知子",1部〈13:30開場/14:00開演〉,12100,"2023-05-01 12:57:43",004757
291,D43,"大森 苗木",1部〈13:30開場/14:00開演〉,12100,"2023-05-01 14:27:49",000776
200,E47,"池間 知子",1部〈13:30開場/14:00開演〉,12100,"2023-05-01 12:59:27",004757
131,C40,"林 みよ子",1部〈13:30開場/14:00開演〉,12100,"2023-05-01 12:52:48",751
210,E48,"池間 知子",1部〈13:30開場/14:00開演〉,12100,"2023-05-01 13:00:22",004757
261,A22,"水澤 秀美",1部〈13:30開場/14:00開演〉,12100,"2023-05-01 13:17:15",4553
320,A45,"小渕 弥栄子",1部〈13:30開場/14:00開演〉,12100,"2023-05-01 16:30:30",008116
422,D27,"小沢 恵里",1部〈13:30開場/14:00開演〉,12100,"2023-05-07 23:44:09",002836
608,未定,"片倉 浩美",1部〈13:30開場/14:00開演〉,12100,"2023-05-24 23:06:16",002444
273,D66,"長谷川 かおる",1部〈13:30開場/14:00開演〉,12100,"2023-05-01 13:36:14",000324
258,SC6,"片倉 浩美",2部〈17:30開場/18:00開演〉,12100,"2023-05-01 13:16:39",002444
262,D62,"片倉 浩美",1部〈13:30開場/14:00開演〉,12100,"2023-05-01 13:18:52",002444
263,SD5,"坂本 佳穂子",2部〈17:30開場/18:00開演〉,12100,"2023-05-01 13:18:55",000450
264,SD4,"坂本 佳穂子",2部〈17:30開場/18:00開演〉,12100,"2023-05-01 13:19:43",000450
271,F21,"山口 美佐",2部〈17:30開場/18:00開演〉,12100,"2023-05-01 13:32:06",004574
272,SE4,"多気 絵実里",2部〈17:30開場/18:00開演〉,12100,"2023-05-01 13:33:27",004473
275,E42,"村上 貴和美",2部〈17:30開場/18:00開演〉,12100,"2023-05-01 13:36:44",004966
276,F24,"坂本 泰江",2部〈17:30開場/18:00開演〉,12100,"2023-05-01 13:36:48",001827
277,SC4,"片山 尚美",2部〈17:30開場/18:00開演〉,12100,"2023-05-01 13:37:22",003760
278,F23,"坂本 泰江",2部〈17:30開場/18:00開演〉,12100,"2023-05-01 13:39:10",001827
279,E41,"村上 貴和美",2部〈17:30開場/18:00開演〉,12100,"2023-05-01 13:39:38",004966
280,D45,"長谷川 かおる",2部〈17:30開場/18:00開演〉,12100,"2023-05-01 13:43:13",000324
283,D46,"山ノ内 泉",2部〈17:30開場/18:00開演〉,12100,"2023-05-01 13:54:18",005868
284,E26,"岸野 玲奈",2部〈17:30開場/18:00開演〉,12100,"2023-05-01 14:00:57",000500
285,E27,"小沢 恵里",2部〈17:30開場/18:00開演〉,12100,"2023-05-01 14:05:51",002836
288,A4,"岩出 美絵",2部〈17:30開場/18:00開演〉,12100,"2023-05-01 14:10:00",00256
290,SE41,"齋藤 みどり",2部〈17:30開場/18:00開演〉,12100,"2023-05-01 14:22:25",000971
292,SE20,"家本 美洋",2部〈17:30開場/18:00開演〉,12100,"2023-05-01 14:29:30",000814
293,G40,"杉山 恵都子",2部〈17:30開場/18:00開演〉,12100,"2023-05-01 14:33:21",006316
295,E40,"小川 可奈子",2部〈17:30開場/18:00開演〉,12100,"2023-05-01 14:34:59",001205
296,A41,"新藤 恭子",2部〈17:30開場/18:00開演〉,12100,"2023-05-01 14:36:02",007947
297,A40,"新藤 恭子",2部〈17:30開場/18:00開演〉,12100,"2023-05-01 14:37:04",007947
299,D28,"佐藤 智子",2部〈17:30開場/18:00開演〉,12100,"2023-05-01 14:46:24",1632
304,C61,"小岩 仁美",2部〈17:30開場/18:00開演〉,12100,"2023-05-01 15:00:46",007987
305,C60,"小岩 仁美",2部〈17:30開場/18:00開演〉,12100,"2023-05-01 15:01:59",007987
307,C40,"五味 富美子",2部〈17:30開場/18:00開演〉,12100,"2023-05-01 15:13:52",001256
309,SE24,"片岡 美和子",2部〈17:30開場/18:00開演〉,12100,"2023-05-01 15:23:33",000618
310,SE25,"片岡 美和子",2部〈17:30開場/18:00開演〉,12100,"2023-05-01 15:24:44",000618
311,B22,"林田 尚子",2部〈17:30開場/18:00開演〉,12100,"2023-05-01 15:25:07",006287
312,SE26,"片岡 美和子",2部〈17:30開場/18:00開演〉,12100,"2023-05-01 15:25:39",000618
313,B21,"林田 尚子",2部〈17:30開場/18:00開演〉,12100,"2023-05-01 15:25:56",006287
314,SD21,"つのだ ふみこ",2部〈17:30開場/18:00開演〉,12100,"2023-05-01 15:33:14",003608
317,B64,"家田 美帆",2部〈17:30開場/18:00開演〉,12100,"2023-05-01 16:09:17",000959
318,B63,"家田 美帆",2部〈17:30開場/18:00開演〉,12100,"2023-05-01 16:17:40",000959
322,C4,"荒川 清美",2部〈17:30開場/18:00開演〉,12100,"2023-05-01 16:40:33",003842
70,A20,"馬場 良子",2部〈17:30開場/18:00開演〉,12100,"2023-05-01 12:48:43",002470
71,A5,"家本 美紀",1部〈13:30開場/14:00開演〉,12100,"2023-05-01 12:48:45",000571
72,SD20,"吉川 由花",2部〈17:30開場/18:00開演〉,12100,"2023-05-01 12:48:50",000438
73,SE22,"堺田 末利花",2部〈17:30開場/18:00開演〉,12100,"2023-05-01 12:48:50",004855
74,SD21,"林 由紀子",1部〈13:30開場/14:00開演〉,12100,"2023-05-01 12:48:50",000641
75,C24,"宮野 理沙",2部〈17:30開場/18:00開演〉,12100,"2023-05-01 12:48:53",001147
78,SC60,"春日 綾",2部〈17:30開場/18:00開演〉,12100,"2023-05-01 12:49:13",003386
79,SC62,"近藤 静代",2部〈17:30開場/18:00開演〉,12100,"2023-05-01 12:49:15",001661
81,SE45,"難波 郁子",2部〈17:30開場/18:00開演〉,12100,"2023-05-01 12:49:18",001660
82,B40,"家本 美紀",2部〈17:30開場/18:00開演〉,12100,"2023-05-01 12:49:18",000571
83,A25,"須藤 美紀",2部〈17:30開場/18:00開演〉,12100,"2023-05-01 12:49:21",000269
85,D12,"椎名 由衣",2部〈17:30開場/18:00開演〉,12100,"2023-05-01 12:49:34",021919
87,D40,"米本 絢子",2部〈17:30開場/18:00開演〉,12100,"2023-05-01 12:49:36",004062
90,A21,"馬場 良子",2部〈17:30開場/18:00開演〉,12100,"2023-05-01 12:49:48",002470
91,A6,"家本 美紀",1部〈13:30開場/14:00開演〉,12100,"2023-05-01 12:49:54",000571
94,C25,"宮野 理沙",2部〈17:30開場/18:00開演〉,12100,"2023-05-01 12:50:16",001147
95,SD22,"森 桜子",2部〈17:30開場/18:00開演〉,12100,"2023-05-01 12:50:17",002043
97,B41,"家本 美紀",2部〈17:30開場/18:00開演〉,12100,"2023-05-01 12:50:20",000571
98,C22,"若井 正美",2部〈17:30開場/18:00開演〉,12100,"2023-05-01 12:50:23",008012
102,E8,"戸倉 由美",2部〈17:30開場/18:00開演〉,12100,"2023-05-01 12:50:39",001134
106,D48,"廣瀬 晶子",2部〈17:30開場/18:00開演〉,12100,"2023-05-01 12:51:00",004325
107,F65,"内田 恵美子",2部〈17:30開場/18:00開演〉,12100,"2023-05-01 12:51:04",003323
109,E60,"Oh Jaryeon",2部〈17:30開場/18:00開演〉,12100,"2023-05-01 12:51:18",008127
110,SE46,"難波 郁子",2部〈17:30開場/18:00開演〉,12100,"2023-05-01 12:51:20",001660
114,C26,"宮野 理沙",2部〈17:30開場/18:00開演〉,12100,"2023-05-01 12:51:42",001147
116,A6,"春日 綾",2部〈17:30開場/18:00開演〉,12100,"2023-05-01 12:51:50",003386
117,E61,"Oh Jaryeon",2部〈17:30開場/18:00開演〉,12100,"2023-05-01 12:52:00",008127
119,A26,"須藤 美紀",2部〈17:30開場/18:00開演〉,12100,"2023-05-01 12:52:09",000269
120,F48,"杉田 知奈美",2部〈17:30開場/18:00開演〉,12100,"2023-05-01 12:52:10",001070
121,F46,"鈴木 幸代",2部〈17:30開場/18:00開演〉,12100,"2023-05-01 12:52:16",000549
123,A42,"原 ゆかり",1部〈13:30開場/14:00開演〉,12100,"2023-05-01 12:52:19",003124
124,C5,"別所 恵",2部〈17:30開場/18:00開演〉,12100,"2023-05-01 12:52:23",008130
128,C27,"宮野 理沙",2部〈17:30開場/18:00開演〉,12100,"2023-05-01 12:52:38",001147
129,SD22,"林 由紀子",1部〈13:30開場/14:00開演〉,12100,"2023-05-01 12:52:40",000641
132,SD23,"森 桜子",2部〈17:30開場/18:00開演〉,12100,"2023-05-01 12:52:50",002043
133,B42,"家本 美紀",2部〈17:30開場/18:00開演〉,12100,"2023-05-01 12:52:57",000571
134,F44,"井口 美幸",2部〈17:30開場/18:00開演〉,12100,"2023-05-01 12:53:01",003776
135,G27,"鈴木 幸代",2部〈17:30開場/18:00開演〉,12100,"2023-05-01 12:53:04",000549
136,C8,"馬場 博子",2部〈17:30開場/18:00開演〉,12100,"2023-05-01 12:53:09",000625
137,G25,"柴田 さゆり",2部〈17:30開場/18:00開演〉,12100,"2023-05-01 12:53:13",005980
140,E44,"菅野 房代",2部〈17:30開場/18:00開演〉,12100,"2023-05-01 12:53:21",412
142,C7,"馬場 博子",2部〈17:30開場/18:00開演〉,12100,"2023-05-01 12:53:52",000625
143,B43,"家本 美紀",2部〈17:30開場/18:00開演〉,12100,"2023-05-01 12:53:55",000571
146,F43,"井口 美幸",2部〈17:30開場/18:00開演〉,12100,"2023-05-01 12:54:26",003776
147,D65,"松崎 直子",2部〈17:30開場/18:00開演〉,12100,"2023-05-01 12:54:29",000432
148,SD60,"佐藤 日奈子",2部〈17:30開場/18:00開演〉,12100,"2023-05-01 12:54:31",005657
150,E24,"羽後 真澄",2部〈17:30開場/18:00開演〉,12100,"2023-05-01 12:54:40",4609
151,E23,"羽後 真澄",2部〈17:30開場/18:00開演〉,12100,"2023-05-01 12:55:10",4609
152,D64,"松崎 直子",2部〈17:30開場/18:00開演〉,12100,"2023-05-01 12:55:12",000432
154,D62,"小松 貴子",2部〈17:30開場/18:00開演〉,12100,"2023-05-01 12:55:19",001639
159,D60,"藤田 尚子",2部〈17:30開場/18:00開演〉,12100,"2023-05-01 12:55:32",001635
161,SD61,"佐藤 日奈子",2部〈17:30開場/18:00開演〉,12100,"2023-05-01 12:55:57",005657
165,C47,"岩崎 友香",2部〈17:30開場/18:00開演〉,12100,"2023-05-01 12:56:02",006495
171,C8,"丸茂 美智子",1部〈13:30開場/14:00開演〉,12100,"2023-05-01 12:56:37",007204
173,SE43,"佐藤 良相",2部〈17:30開場/18:00開演〉,12100,"2023-05-01 12:56:41",002660
175,C64,"山中 菜穂子",2部〈17:30開場/18:00開演〉,12100,"2023-05-01 12:57:13",000894
176,E48,"高柳 真理",2部〈17:30開場/18:00開演〉,12100,"2023-05-01 12:57:20",000502
177,SE42,"佐藤 良相",2部〈17:30開場/18:00開演〉,12100,"2023-05-01 12:57:28",002660
181,C7,"丸茂 美智子",1部〈13:30開場/14:00開演〉,12100,"2023-05-01 12:57:49",007204
185,C20,"長島 由佳",2部〈17:30開場/18:00開演〉,12100,"2023-05-01 12:58:13",000824
186,C63,"山中 菜穂子",2部〈17:30開場/18:00開演〉,12100,"2023-05-01 12:58:17",000894
188,F26,"萩原 綾乃",2部〈17:30開場/18:00開演〉,12100,"2023-05-01 12:58:29",002249
191,F8,"庄司 みな子",2部〈17:30開場/18:00開演〉,12100,"2023-05-01 12:58:50",000145
194,C66,"山中 菜穂子",2部〈17:30開場/18:00開演〉,12100,"2023-05-01 12:59:12",000894
195,SD26,"亀山 郁子",2部〈17:30開場/18:00開演〉,12100,"2023-05-01 12:59:15",000703
196,E6,"十田 圭土",2部〈17:30開場/18:00開演〉,12100,"2023-05-01 12:59:17",007747
199,E3,"坂本 由美子",2部〈17:30開場/18:00開演〉,12100,"2023-05-01 12:59:26",004338
205,E5,"庄司 みな子",2部〈17:30開場/18:00開演〉,12100,"2023-05-01 13:00:01",000145
206,C65,"山中 菜穂子",2部〈17:30開場/18:00開演〉,12100,"2023-05-01 13:00:10",000894
207,SE21,"堺田 末利花",2部〈17:30開場/18:00開演〉,12100,"2023-05-01 13:00:14",004855
208,D7,"秋田 夏実",2部〈17:30開場/18:00開演〉,12100,"2023-05-01 13:00:21",002025
209,E2,"坂本 由美子",2部〈17:30開場/18:00開演〉,12100,"2023-05-01 13:00:22",004338
211,D27,"三村 厚子",2部〈17:30開場/18:00開演〉,12100,"2023-05-01 13:00:57",003290
213,A23,"河合 幸子",2部〈17:30開場/18:00開演〉,12100,"2023-05-01 13:01:09",004364
214,SD25,"亀山 郁子",2部〈17:30開場/18:00開演〉,12100,"2023-05-01 13:01:15",000703
215,G21,"関根 順子",2部〈17:30開場/18:00開演〉,12100,"2023-05-01 13:01:23",001914
220,D26,"三村 厚子",2部〈17:30開場/18:00開演〉,12100,"2023-05-01 13:02:09",003290
221,B47,"入佐 真利子",2部〈17:30開場/18:00開演〉,12100,"2023-05-01 13:02:22",001235
222,SC61,"鈴木 裕子",2部〈17:30開場/18:00開演〉,12100,"2023-05-01 13:02:23",001759
223,D68,"中島 宏子",2部〈17:30開場/18:00開演〉,12100,"2023-05-01 13:02:25",002706
224,SD24,"亀山 郁子",2部〈17:30開場/18:00開演〉,12100,"2023-05-01 13:02:25",000703
227,G22,"関根 順子",2部〈17:30開場/18:00開演〉,12100,"2023-05-01 13:03:43",001914
231,G24,"野口 由紀子",1部〈13:30開場/14:00開演〉,12100,"2023-05-01 13:06:45",002076
232,G20,"高橋 陽子",2部〈17:30開場/18:00開演〉,12100,"2023-05-01 13:07:07",000334
235,SD64,"細野 真央",2部〈17:30開場/18:00開演〉,12100,"2023-05-01 13:08:41",000684
236,G23,"田島 真由美",2部〈17:30開場/18:00開演〉,12100,"2023-05-01 13:08:50",2169
237,SD63,"細野 真央",2部〈17:30開場/18:00開演〉,12100,"2023-05-01 13:09:41",000684
240,SD40,"齋藤 みどり",2部〈17:30開場/18:00開演〉,12100,"2023-05-01 13:10:54",000971
241,D67,"秋元 ゆき子",2部〈17:30開場/18:00開演〉,12100,"2023-05-01 13:11:14",007985
244,G42,"家本 光咲",2部〈17:30開場/18:00開演〉,12100,"2023-05-01 13:11:55",001072
247,B66,"百々 弘美",2部〈17:30開場/18:00開演〉,12100,"2023-05-01 13:12:34",007864
249,G41,"家本 光咲",2部〈17:30開場/18:00開演〉,12100,"2023-05-01 13:13:05",001072
250,B65,"百々 弘美",2部〈17:30開場/18:00開演〉,12100,"2023-05-01 13:13:38",007864
255,G29,"水澤 秀美",2部〈17:30開場/18:00開演〉,12100,"2023-05-01 13:16:17",4553
323,SD43,"帷子 きょうこ",2部〈17:30開場/18:00開演〉,12100,"2023-05-01 16:44:42",008112
324,A65,"原口 沙希",2部〈17:30開場/18:00開演〉,12100,"2023-05-01 17:06:45",002753
325,A64,"原口 沙希",2部〈17:30開場/18:00開演〉,12100,"2023-05-01 17:08:10",002753
326,D5,"仁藤 昌美",2部〈17:30開場/18:00開演〉,12100,"2023-05-01 17:11:36",002806
327,F2,"別宮 美鈴",2部〈17:30開場/18:00開演〉,12100,"2023-05-01 17:22:38",007828
328,F4,"松本 広子",2部〈17:30開場/18:00開演〉,12100,"2023-05-01 17:39:30",004414
329,A8,"羽根 美智子",2部〈17:30開場/18:00開演〉,12100,"2023-05-01 18:10:28",004300
330,A7,"羽根 美智子",2部〈17:30開場/18:00開演〉,12100,"2023-05-01 18:12:50",004300
331,E28,"島田 令子",2部〈17:30開場/18:00開演〉,12100,"2023-05-01 18:22:52",001972
333,B27,"岩松 朋子",2部〈17:30開場/18:00開演〉,12100,"2023-05-01 18:39:58",001668
334,B26,"岩松 朋子",2部〈17:30開場/18:00開演〉,12100,"2023-05-01 18:40:59",001668
337,A46,"森安 理恵",2部〈17:30開場/18:00開演〉,12100,"2023-05-01 19:03:12",007829
338,A45,"森安 理恵",2部〈17:30開場/18:00開演〉,12100,"2023-05-01 19:03:40",007829
339,F6,"悦見 朋子",2部〈17:30開場/18:00開演〉,12100,"2023-05-01 19:03:50",002956
340,A44,"森安 理恵",2部〈17:30開場/18:00開演〉,12100,"2023-05-01 19:04:04",007829
341,A43,"森安 理恵",2部〈17:30開場/18:00開演〉,12100,"2023-05-01 19:04:28",007829
342,B7,"高田 智子",2部〈17:30開場/18:00開演〉,12100,"2023-05-01 19:23:25",001784
343,B6,"高田 智子",2部〈17:30開場/18:00開演〉,12100,"2023-05-01 19:25:16",001784
344,B5,"高田 智子",2部〈17:30開場/18:00開演〉,12100,"2023-05-01 19:26:27",001784
345,F61,"田中 志織",2部〈17:30開場/18:00開演〉,12100,"2023-05-01 19:39:26",001329
347,A62,"浅野 絵里香",2部〈17:30開場/18:00開演〉,12100,"2023-05-01 19:51:25",002464
348,B45,"三ツ井 敏江",2部〈17:30開場/18:00開演〉,12100,"2023-05-01 20:10:13",002271
351,F63,"渡邊 里菜",2部〈17:30開場/18:00開演〉,12100,"2023-05-01 20:46:33",002850
352,D8,"宇田川 志満子",2部〈17:30開場/18:00開演〉,12100,"2023-05-01 21:54:56",003585
354,D10,"白井 真理子",2部〈17:30開場/18:00開演〉,12100,"2023-05-01 22:14:09",006140
355,SD8,"白木 千晴",2部〈17:30開場/18:00開演〉,12100,"2023-05-01 22:18:09",006724
356,SD7,"白木 千晴",2部〈17:30開場/18:00開演〉,12100,"2023-05-01 22:19:23",006724
357,D8,"小平 恵美子",1部〈13:30開場/14:00開演〉,12100,"2023-05-01 22:37:27",008129
360,C42,"安達 美奈子",2部〈17:30開場/18:00開演〉,12100,"2023-05-02 01:23:39",003438
361,C41,"安達 美奈子",2部〈17:30開場/18:00開演〉,12100,"2023-05-02 01:25:35",003438
363,B25,"郷田 智世",2部〈17:30開場/18:00開演〉,12100,"2023-05-02 02:23:25",007446
364,B24,"郷田 智世",2部〈17:30開場/18:00開演〉,12100,"2023-05-02 02:24:27",007446
365,E10,"佐藤 晴美",2部〈17:30開場/18:00開演〉,12100,"2023-05-02 04:37:33",003956
366,SD46,"柳谷 美智子",2部〈17:30開場/18:00開演〉,12100,"2023-05-02 11:15:29",000231
367,SD45,"柳谷 美智子",2部〈17:30開場/18:00開演〉,12100,"2023-05-02 11:19:51",000231
370,F29,"鳥海 久枝",2部〈17:30開場/18:00開演〉,12100,"2023-05-02 13:11:46",001640
371,F28,"鳥海 久枝",2部〈17:30開場/18:00開演〉,12100,"2023-05-02 13:12:59",001640
384,D43,"山田 奈津実",1部〈13:30開場/14:00開演〉,12100,"2023-05-02 21:35:31",
385,D43,"渕辺 光代",2部〈17:30開場/18:00開演〉,12100,"2023-05-02 21:49:59",005348
386,D42,"渕辺 光代",2部〈17:30開場/18:00開演〉,12100,"2023-05-02 21:51:11",005348
389,SD44,"二階堂 聖子",2部〈17:30開場/18:00開演〉,12100,"2023-05-03 08:24:13",002392
396,D24,"鈴木 淳子",2部〈17:30開場/18:00開演〉,12100,"2023-05-03 15:51:14",005181
397,G49,"泉 都紀子",2部〈17:30開場/18:00開演〉,12100,"2023-05-03 16:13:45",000681
398,C45,"宇都 礼子",2部〈17:30開場/18:00開演〉,12100,"2023-05-03 18:19:29",
400,D22,"清水 典子",2部〈17:30開場/18:00開演〉,12100,"2023-05-03 23:14:34",002327
401,D21,"清水 典子",2部〈17:30開場/18:00開演〉,12100,"2023-05-03 23:15:35",002327
403,G46,"春木 由希子",2部〈17:30開場/18:00開演〉,12100,"2023-05-04 00:42:01",001366
404,B10,"豊平 絵梨",2部〈17:30開場/18:00開演〉,12100,"2023-05-04 13:50:05",003570
405,B9,"豊平 絵梨",2部〈17:30開場/18:00開演〉,12100,"2023-05-04 13:51:04",003570
406,E21,"久保島 佐季",2部〈17:30開場/18:00開演〉,12100,"2023-05-04 21:13:04",003575
407,E20,"久保島 佐季",2部〈17:30開場/18:00開演〉,12100,"2023-05-04 21:14:18",003575
408,F41,"坂本 好美",2部〈17:30開場/18:00開演〉,12100,"2023-05-05 19:36:58",006132
409,F40,"坂本 好美",2部〈17:30開場/18:00開演〉,12100,"2023-05-05 19:40:20",006132
410,B61,"小野 晴美",2部〈17:30開場/18:00開演〉,12100,"2023-05-06 17:08:11",2634
411,B60,"小野 晴美",2部〈17:30開場/18:00開演〉,12100,"2023-05-06 17:09:57",2634
412,G44,"金子 奈津代",2部〈17:30開場/18:00開演〉,12100,"2023-05-07 18:15:49",003394
413,E69,"板橋 今日子",2部〈17:30開場/18:00開演〉,12100,"2023-05-07 19:44:51",000575
414,E67,"高桐 まほ",2部〈17:30開場/18:00開演〉,12100,"2023-05-07 20:06:58",1723
415,E60,"川内 厚子",2部〈17:30開場/18:00開演〉,12100,"2023-05-07 20:31:13",003340
417,E64,"山本 美智",2部〈17:30開場/18:00開演〉,12100,"2023-05-07 22:34:14",003778
421,E63,"芝本 昭子",2部〈17:30開場/18:00開演〉,12100,"2023-05-07 23:33:52",002658
423,C44,"白石 忍",2部〈17:30開場/18:00開演〉,12100,"2023-05-22 21:35:28",
424,SC4,"カン ジュビン",1部〈13:30開場/14:00開演〉,12100,"2023-05-24 11:52:47",
425,SC5,"カン ジュビン",1部〈13:30開場/14:00開演〉,12100,"2023-05-24 11:52:47",
609,未定,"片倉 浩美",2部〈17:30開場/18:00開演〉,12100,"2023-05-24 23:10:09",002444
